Subject,Gender,cog,cog_norm,cog_std
804646,F,18.0,0.7,0.23533886527024708
767464,F,16.0,0.6,-0.18058180255885314
510225,F,18.0,0.7,0.23533886527024708
132017,F,22.0,0.9,1.0671802009284475
117021,F,23.0,0.95,1.2751405348429976
180432,F,22.0,0.9,1.0671802009284475
126426,F,7.0,0.15,-2.052224807789804
143325,F,19.0,0.75,0.4432991991847972
432332,F,21.0,0.85,0.8592198670138974
406836,F,13.0,0.45,-0.8044628043025035
394956,F,19.0,0.75,0.4432991991847972
562446,F,11.0,0.35,-1.2203834721316038
709551,F,19.0,0.75,0.4432991991847972
513130,F,9.0,0.25,-1.636304139960704
513736,F,22.0,0.9,1.0671802009284475
153025,F,16.0,0.6,-0.18058180255885314
196144,F,16.0,0.6,-0.18058180255885314
833249,F,17.0,0.65,0.027378531355696976
680452,F,11.0,0.35,-1.2203834721316038
816653,F,21.0,0.85,0.8592198670138974
124422,F,18.0,0.7,0.23533886527024708
917558,F,15.0,0.55,-0.38854213647340324
118023,F,19.0,0.75,0.4432991991847972
896778,F,14.0,0.5,-0.5965024703879533
129331,F,8.0,0.2,-1.844264473875254
702133,F,23.0,0.95,1.2751405348429976
947668,F,23.0,0.95,1.2751405348429976
310621,F,15.0,0.55,-0.38854213647340324
197348,F,21.0,0.85,0.8592198670138974
297655,F,20.0,0.8,0.6512595330993474
120717,F,20.0,0.8,0.6512595330993474
579665,F,7.0,0.15,-2.052224807789804
887373,F,15.0,0.55,-0.38854213647340324
113821,F,21.0,0.85,0.8592198670138974
113417,F,18.0,0.7,0.23533886527024708
175439,F,11.0,0.35,-1.2203834721316038
169747,F,12.0,0.4,-1.0124231382170537
171734,F,20.0,0.8,0.6512595330993474
993675,F,21.0,0.85,0.8592198670138974
902242,F,22.0,0.9,1.0671802009284475
130922,F,22.0,0.9,1.0671802009284475
350330,F,21.0,0.85,0.8592198670138974
683256,F,13.0,0.45,-0.8044628043025035
309636,F,23.0,0.95,1.2751405348429976
475855,F,15.0,0.55,-0.38854213647340324
129937,F,16.0,0.6,-0.18058180255885314
645551,F,20.0,0.8,0.6512595330993474
101006,F,11.0,0.35,-1.2203834721316038
134223,F,24.0,1.0,1.4831008687575478
202113,F,18.0,0.7,0.23533886527024708
156233,F,12.0,0.4,-1.0124231382170537
771354,F,22.0,0.9,1.0671802009284475
206323,F,13.0,0.45,-0.8044628043025035
872562,F,19.0,0.75,0.4432991991847972
422632,F,15.0,0.55,-0.38854213647340324
115320,F,14.0,0.5,-0.5965024703879533
107725,F,10.0,0.3,-1.4283438060461537
147737,F,17.0,0.65,0.027378531355696976
910443,F,21.0,0.85,0.8592198670138974
183337,F,6.0,0.1,-2.2601851417043544
102816,F,17.0,0.65,0.027378531355696976
321323,F,16.0,0.6,-0.18058180255885314
124624,F,13.0,0.45,-0.8044628043025035
144832,F,21.0,0.85,0.8592198670138974
214625,F,20.0,0.8,0.6512595330993474
172332,F,18.0,0.7,0.23533886527024708
715647,F,14.0,0.5,-0.5965024703879533
181232,F,15.0,0.55,-0.38854213647340324
111413,F,13.0,0.45,-0.8044628043025035
856766,F,10.0,0.3,-1.4283438060461537
107018,F,10.0,0.3,-1.4283438060461537
525541,F,15.0,0.55,-0.38854213647340324
198047,F,23.0,0.95,1.2751405348429976
199251,F,20.0,0.8,0.6512595330993474
654754,F,8.0,0.2,-1.844264473875254
257542,F,20.0,0.8,0.6512595330993474
161327,F,8.0,0.2,-1.844264473875254
904044,F,13.0,0.45,-0.8044628043025035
151223,F,18.0,0.7,0.23533886527024708
130316,F,14.0,0.5,-0.5965024703879533
549757,F,11.0,0.35,-1.2203834721316038
176845,F,9.0,0.25,-1.636304139960704
188145,F,24.0,1.0,1.4831008687575478
128127,F,14.0,0.5,-0.5965024703879533
197550,F,9.0,0.25,-1.636304139960704
620434,F,12.0,0.4,-1.0124231382170537
654350,F,12.0,0.4,-1.0124231382170537
377451,F,18.0,0.7,0.23533886527024708
205220,F,17.0,0.65,0.027378531355696976
436845,F,11.0,0.35,-1.2203834721316038
196952,F,21.0,0.85,0.8592198670138974
188347,F,11.0,0.35,-1.2203834721316038
105923,F,22.0,0.9,1.0671802009284475
172938,F,19.0,0.75,0.4432991991847972
856463,F,20.0,0.8,0.6512595330993474
822244,F,8.0,0.2,-1.844264473875254
192540,F,23.0,0.95,1.2751405348429976
613538,F,21.0,0.85,0.8592198670138974
737960,F,21.0,0.85,0.8592198670138974
150423,F,20.0,0.8,0.6512595330993474
828862,F,21.0,0.85,0.8592198670138974
877168,F,14.0,0.5,-0.5965024703879533
105014,F,21.0,0.85,0.8592198670138974
390645,F,17.0,0.65,0.027378531355696976
586460,F,18.0,0.7,0.23533886527024708
381038,F,11.0,0.35,-1.2203834721316038
171128,F,9.0,0.25,-1.636304139960704
180836,F,16.0,0.6,-0.18058180255885314
679568,F,24.0,1.0,1.4831008687575478
657659,F,22.0,0.9,1.0671802009284475
715950,F,18.0,0.7,0.23533886527024708
320826,F,10.0,0.3,-1.4283438060461537
228434,F,21.0,0.85,0.8592198670138974
531940,F,21.0,0.85,0.8592198670138974
209127,F,14.0,0.5,-0.5965024703879533
117930,F,13.0,0.45,-0.8044628043025035
873968,F,21.0,0.85,0.8592198670138974
565452,F,8.0,0.2,-1.844264473875254
158035,F,22.0,0.9,1.0671802009284475
126325,F,13.0,0.45,-0.8044628043025035
748662,F,12.0,0.4,-1.0124231382170537
419239,F,18.0,0.7,0.23533886527024708
609143,F,14.0,0.5,-0.5965024703879533
576255,F,23.0,0.95,1.2751405348429976
555348,F,10.0,0.3,-1.4283438060461537
580650,F,18.0,0.7,0.23533886527024708
861456,F,7.0,0.15,-2.052224807789804
122822,F,19.0,0.75,0.4432991991847972
104012,F,10.0,0.3,-1.4283438060461537
694362,F,16.0,0.6,-0.18058180255885314
814548,F,18.0,0.7,0.23533886527024708
180533,F,20.0,0.8,0.6512595330993474
250932,F,19.0,0.75,0.4432991991847972
905147,F,21.0,0.85,0.8592198670138974
280941,F,18.0,0.7,0.23533886527024708
120414,F,12.0,0.4,-1.0124231382170537
185341,F,18.0,0.7,0.23533886527024708
788674,F,11.0,0.35,-1.2203834721316038
168745,F,21.0,0.85,0.8592198670138974
379657,F,16.0,0.6,-0.18058180255885314
239944,F,19.0,0.75,0.4432991991847972
992673,F,21.0,0.85,0.8592198670138974
164939,F,19.0,0.75,0.4432991991847972
162329,F,10.0,0.3,-1.4283438060461537
587664,F,17.0,0.65,0.027378531355696976
153227,F,6.0,0.1,-2.2601851417043544
210415,F,14.0,0.5,-0.5965024703879533
827052,F,19.0,0.75,0.4432991991847972
180735,F,13.0,0.45,-0.8044628043025035
263436,F,13.0,0.45,-0.8044628043025035
578057,F,20.0,0.8,0.6512595330993474
645450,F,23.0,0.95,1.2751405348429976
131217,F,11.0,0.35,-1.2203834721316038
154835,F,17.0,0.65,0.027378531355696976
715041,F,19.0,0.75,0.4432991991847972
149236,F,23.0,0.95,1.2751405348429976
104416,F,23.0,0.95,1.2751405348429976
128632,F,14.0,0.5,-0.5965024703879533
192641,F,16.0,0.6,-0.18058180255885314
627549,F,9.0,0.25,-1.636304139960704
179346,F,21.0,0.85,0.8592198670138974
465852,F,12.0,0.4,-1.0124231382170537
919966,F,12.0,0.4,-1.0124231382170537
706040,F,10.0,0.3,-1.4283438060461537
173637,F,21.0,0.85,0.8592198670138974
305830,F,21.0,0.85,0.8592198670138974
117324,F,12.0,0.4,-1.0124231382170537
391748,F,17.0,0.65,0.027378531355696976
413934,F,21.0,0.85,0.8592198670138974
209834,F,11.0,0.35,-1.2203834721316038
191437,F,15.0,0.55,-0.38854213647340324
111009,F,20.0,0.8,0.6512595330993474
162733,F,22.0,0.9,1.0671802009284475
211316,F,15.0,0.55,-0.38854213647340324
181636,F,9.0,0.25,-1.636304139960704
204016,F,19.0,0.75,0.4432991991847972
193239,F,17.0,0.65,0.027378531355696976
784565,F,21.0,0.85,0.8592198670138974
186444,F,21.0,0.85,0.8592198670138974
123723,F,7.0,0.15,-2.052224807789804
134829,F,17.0,0.65,0.027378531355696976
884064,F,21.0,0.85,0.8592198670138974
135528,F,9.0,0.25,-1.636304139960704
210617,F,16.0,0.6,-0.18058180255885314
792564,F,16.0,0.6,-0.18058180255885314
561242,F,15.0,0.55,-0.38854213647340324
149842,F,16.0,0.6,-0.18058180255885314
268850,F,8.0,0.2,-1.844264473875254
285345,F,12.0,0.4,-1.0124231382170537
732243,F,21.0,0.85,0.8592198670138974
274542,F,7.0,0.15,-2.052224807789804
552544,F,12.0,0.4,-1.0124231382170537
322224,F,15.0,0.55,-0.38854213647340324
368753,F,12.0,0.4,-1.0124231382170537
146937,F,20.0,0.8,0.6512595330993474
237334,F,12.0,0.4,-1.0124231382170537
130518,F,9.0,0.25,-1.636304139960704
209228,F,20.0,0.8,0.6512595330993474
114318,F,16.0,0.6,-0.18058180255885314
633847,F,18.0,0.7,0.23533886527024708
122418,F,21.0,0.85,0.8592198670138974
147636,F,16.0,0.6,-0.18058180255885314
163836,F,9.0,0.25,-1.636304139960704
580347,F,18.0,0.7,0.23533886527024708
951457,F,13.0,0.45,-0.8044628043025035
120515,F,21.0,0.85,0.8592198670138974
213421,F,20.0,0.8,0.6512595330993474
463040,F,23.0,0.95,1.2751405348429976
115724,F,10.0,0.3,-1.4283438060461537
117122,F,24.0,1.0,1.4831008687575478
194140,F,5.0,0.05,-2.4681454756189045
185947,F,20.0,0.8,0.6512595330993474
167440,F,10.0,0.3,-1.4283438060461537
727553,F,15.0,0.55,-0.38854213647340324
191841,F,19.0,0.75,0.4432991991847972
182436,F,12.0,0.4,-1.0124231382170537
680250,F,19.0,0.75,0.4432991991847972
361234,F,10.0,0.3,-1.4283438060461537
214019,F,15.0,0.55,-0.38854213647340324
171532,F,17.0,0.65,0.027378531355696976
844961,F,15.0,0.55,-0.38854213647340324
765864,F,23.0,0.95,1.2751405348429976
208226,F,18.0,0.7,0.23533886527024708
286347,F,22.0,0.9,1.0671802009284475
555651,F,14.0,0.5,-0.5965024703879533
137128,F,19.0,0.75,0.4432991991847972
173839,F,17.0,0.65,0.027378531355696976
760551,F,10.0,0.3,-1.4283438060461537
673455,F,23.0,0.95,1.2751405348429976
155635,F,20.0,0.8,0.6512595330993474
209531,F,21.0,0.85,0.8592198670138974
835657,F,16.0,0.6,-0.18058180255885314
123420,F,21.0,0.85,0.8592198670138974
170934,F,13.0,0.45,-0.8044628043025035
127832,F,21.0,0.85,0.8592198670138974
195445,F,24.0,1.0,1.4831008687575478
362034,F,15.0,0.55,-0.38854213647340324
101915,F,21.0,0.85,0.8592198670138974
412528,F,19.0,0.75,0.4432991991847972
953764,F,9.0,0.25,-1.636304139960704
112516,F,11.0,0.35,-1.2203834721316038
119126,F,17.0,0.65,0.027378531355696976
178142,F,20.0,0.8,0.6512595330993474
485757,F,18.0,0.7,0.23533886527024708
295146,F,12.0,0.4,-1.0124231382170537
194847,F,23.0,0.95,1.2751405348429976
204521,F,20.0,0.8,0.6512595330993474
200109,F,17.0,0.65,0.027378531355696976
165941,F,20.0,0.8,0.6512595330993474
177140,F,17.0,0.65,0.027378531355696976
155231,F,12.0,0.4,-1.0124231382170537
255740,F,17.0,0.65,0.027378531355696976
204319,F,22.0,0.9,1.0671802009284475
256540,F,14.0,0.5,-0.5965024703879533
287248,F,14.0,0.5,-0.5965024703879533
212217,F,7.0,0.15,-2.052224807789804
192237,F,16.0,0.6,-0.18058180255885314
239136,F,15.0,0.55,-0.38854213647340324
140117,F,8.0,0.2,-1.844264473875254
136732,F,15.0,0.55,-0.38854213647340324
713239,F,24.0,1.0,1.4831008687575478
130619,F,22.0,0.9,1.0671802009284475
156334,F,20.0,0.8,0.6512595330993474
113619,F,15.0,0.55,-0.38854213647340324
826353,F,21.0,0.85,0.8592198670138974
255639,F,14.0,0.5,-0.5965024703879533
749361,F,10.0,0.3,-1.4283438060461537
453542,F,11.0,0.35,-1.2203834721316038
133019,F,18.0,0.7,0.23533886527024708
157437,F,9.0,0.25,-1.636304139960704
894673,F,18.0,0.7,0.23533886527024708
688569,F,18.0,0.7,0.23533886527024708
131722,F,19.0,0.75,0.4432991991847972
128329,F,20.0,0.8,0.6512595330993474
346945,F,8.0,0.2,-1.844264473875254
200917,F,21.0,0.85,0.8592198670138974
744553,F,18.0,0.7,0.23533886527024708
190031,F,20.0,0.8,0.6512595330993474
572045,F,14.0,0.5,-0.5965024703879533
360030,F,19.0,0.75,0.4432991991847972
125424,F,15.0,0.55,-0.38854213647340324
131419,F,7.0,0.15,-2.052224807789804
114217,F,21.0,0.85,0.8592198670138974
334635,F,14.0,0.5,-0.5965024703879533
167238,F,15.0,0.55,-0.38854213647340324
654552,F,20.0,0.8,0.6512595330993474
140319,F,18.0,0.7,0.23533886527024708
570243,F,15.0,0.55,-0.38854213647340324
638049,F,21.0,0.85,0.8592198670138974
205725,F,20.0,0.8,0.6512595330993474
181131,F,6.0,0.1,-2.2601851417043544
177645,F,22.0,0.9,1.0671802009284475
111211,F,19.0,0.75,0.4432991991847972
143830,F,13.0,0.45,-0.8044628043025035
907656,F,11.0,0.35,-1.2203834721316038
125525,F,8.0,0.2,-1.844264473875254
139637,F,21.0,0.85,0.8592198670138974
103818,F,16.0,0.6,-0.18058180255885314
139233,F,13.0,0.45,-0.8044628043025035
187345,F,19.0,0.75,0.4432991991847972
293748,F,12.0,0.4,-1.0124231382170537
553344,F,23.0,0.95,1.2751405348429976
499566,F,20.0,0.8,0.6512595330993474
522434,F,20.0,0.8,0.6512595330993474
107321,F,23.0,0.95,1.2751405348429976
378857,F,17.0,0.65,0.027378531355696976
984472,F,22.0,0.9,1.0671802009284475
245333,F,21.0,0.85,0.8592198670138974
580044,F,22.0,0.9,1.0671802009284475
615744,F,17.0,0.65,0.027378531355696976
307127,F,18.0,0.7,0.23533886527024708
138130,F,18.0,0.7,0.23533886527024708
153833,F,21.0,0.85,0.8592198670138974
481042,F,15.0,0.55,-0.38854213647340324
468050,F,22.0,0.9,1.0671802009284475
165234,F,15.0,0.55,-0.38854213647340324
473952,F,7.0,0.15,-2.052224807789804
103414,F,17.0,0.65,0.027378531355696976
169343,F,6.0,0.1,-2.2601851417043544
845458,F,18.0,0.7,0.23533886527024708
899885,F,20.0,0.8,0.6512595330993474
148840,F,22.0,0.9,1.0671802009284475
195647,F,17.0,0.65,0.027378531355696976
959574,F,16.0,0.6,-0.18058180255885314
175237,F,20.0,0.8,0.6512595330993474
333330,F,17.0,0.65,0.027378531355696976
613235,F,17.0,0.65,0.027378531355696976
802844,F,10.0,0.3,-1.4283438060461537
161731,F,21.0,0.85,0.8592198670138974
144125,F,7.0,0.15,-2.052224807789804
202820,F,8.0,0.2,-1.844264473875254
102311,F,20.0,0.8,0.6512595330993474
128026,F,21.0,0.85,0.8592198670138974
568963,F,11.0,0.35,-1.2203834721316038
521331,F,15.0,0.55,-0.38854213647340324
159845,F,7.0,0.15,-2.052224807789804
146735,F,6.0,0.1,-2.2601851417043544
231928,F,13.0,0.45,-0.8044628043025035
170631,F,22.0,0.9,1.0671802009284475
211922,F,12.0,0.4,-1.0124231382170537
201414,F,17.0,0.65,0.027378531355696976
996782,F,20.0,0.8,0.6512595330993474
634748,F,24.0,1.0,1.4831008687575478
825048,F,21.0,0.85,0.8592198670138974
148133,F,22.0,0.9,1.0671802009284475
208125,F,22.0,0.9,1.0671802009284475
192035,F,14.0,0.5,-0.5965024703879533
809252,F,18.0,0.7,0.23533886527024708
114823,F,22.0,0.9,1.0671802009284475
559053,F,23.0,0.95,1.2751405348429976
788876,F,16.0,0.6,-0.18058180255885314
197651,F,20.0,0.8,0.6512595330993474
159441,F,9.0,0.25,-1.636304139960704
316633,F,15.0,0.55,-0.38854213647340324
729557,F,12.0,0.4,-1.0124231382170537
108323,F,13.0,0.45,-0.8044628043025035
536647,F,11.0,0.35,-1.2203834721316038
186545,F,12.0,0.4,-1.0124231382170537
877269,F,15.0,0.55,-0.38854213647340324
289555,F,11.0,0.35,-1.2203834721316038
376247,F,20.0,0.8,0.6512595330993474
140925,F,11.0,0.35,-1.2203834721316038
161630,F,8.0,0.2,-1.844264473875254
978578,F,20.0,0.8,0.6512595330993474
701535,F,20.0,0.8,0.6512595330993474
748258,F,18.0,0.7,0.23533886527024708
153732,F,11.0,0.35,-1.2203834721316038
150524,F,12.0,0.4,-1.0124231382170537
911849,F,18.0,0.7,0.23533886527024708
567759,F,22.0,0.9,1.0671802009284475
825654,F,11.0,0.35,-1.2203834721316038
189349,F,21.0,0.85,0.8592198670138974
179245,F,14.0,0.5,-0.5965024703879533
316835,F,16.0,0.6,-0.18058180255885314
204622,F,10.0,0.3,-1.4283438060461537
579867,F,18.0,0.7,0.23533886527024708
441939,F,12.0,0.4,-1.0124231382170537
492754,F,19.0,0.75,0.4432991991847972
187547,F,7.0,0.15,-2.052224807789804
201818,F,18.0,0.7,0.23533886527024708
415837,F,10.0,0.3,-1.4283438060461537
177746,F,20.0,0.8,0.6512595330993474
153126,F,11.0,0.35,-1.2203834721316038
290136,F,22.0,0.9,1.0671802009284475
176037,F,21.0,0.85,0.8592198670138974
786569,F,9.0,0.25,-1.636304139960704
852455,F,19.0,0.75,0.4432991991847972
401422,F,19.0,0.75,0.4432991991847972
145834,F,15.0,0.55,-0.38854213647340324
113215,F,17.0,0.65,0.027378531355696976
173536,F,22.0,0.9,1.0671802009284475
456346,F,19.0,0.75,0.4432991991847972
203923,F,20.0,0.8,0.6512595330993474
172534,F,22.0,0.9,1.0671802009284475
212419,F,21.0,0.85,0.8592198670138974
127731,F,11.0,0.35,-1.2203834721316038
395251,F,21.0,0.85,0.8592198670138974
623137,F,15.0,0.55,-0.38854213647340324
224022,F,14.0,0.5,-0.5965024703879533
179952,F,10.0,0.3,-1.4283438060461537
135124,F,21.0,0.85,0.8592198670138974
547046,F,22.0,0.9,1.0671802009284475
174437,F,9.0,0.25,-1.636304139960704
211114,F,8.0,0.2,-1.844264473875254
882161,F,7.0,0.15,-2.052224807789804
249947,F,17.0,0.65,0.027378531355696976
500222,F,22.0,0.9,1.0671802009284475
104820,F,15.0,0.55,-0.38854213647340324
138231,F,10.0,0.3,-1.4283438060461537
130821,F,9.0,0.25,-1.636304139960704
837964,F,7.0,0.15,-2.052224807789804
972566,F,17.0,0.65,0.027378531355696976
355239,F,8.0,0.2,-1.844264473875254
246133,F,18.0,0.7,0.23533886527024708
154431,F,17.0,0.65,0.027378531355696976
196750,F,15.0,0.55,-0.38854213647340324
680957,F,18.0,0.7,0.23533886527024708
144731,F,21.0,0.85,0.8592198670138974
137633,F,13.0,0.45,-0.8044628043025035
178647,F,19.0,0.75,0.4432991991847972
987983,F,22.0,0.9,1.0671802009284475
429040,F,17.0,0.65,0.027378531355696976
901442,F,18.0,0.7,0.23533886527024708
132118,F,8.0,0.2,-1.844264473875254
103515,F,8.0,0.2,-1.844264473875254
395756,F,13.0,0.45,-0.8044628043025035
144226,F,9.0,0.25,-1.636304139960704
770352,F,22.0,0.9,1.0671802009284475
135932,F,19.0,0.75,0.4432991991847972
901139,F,18.0,0.7,0.23533886527024708
558960,F,22.0,0.9,1.0671802009284475
134425,F,12.0,0.4,-1.0124231382170537
157942,F,19.0,0.75,0.4432991991847972
365343,F,15.0,0.55,-0.38854213647340324
872158,F,21.0,0.85,0.8592198670138974
167036,F,11.0,0.35,-1.2203834721316038
727654,F,18.0,0.7,0.23533886527024708
120010,F,24.0,1.0,1.4831008687575478
112819,F,20.0,0.8,0.6512595330993474
371843,F,15.0,0.55,-0.38854213647340324
115017,F,15.0,0.55,-0.38854213647340324
134021,F,19.0,0.75,0.4432991991847972
146331,F,8.0,0.2,-1.844264473875254
180230,F,23.0,0.95,1.2751405348429976
199352,F,18.0,0.7,0.23533886527024708
129533,F,23.0,0.95,1.2751405348429976
782561,F,21.0,0.85,0.8592198670138974
567961,F,8.0,0.2,-1.844264473875254
163432,F,21.0,0.85,0.8592198670138974
599469,F,20.0,0.8,0.6512595330993474
148335,F,7.0,0.15,-2.052224807789804
757764,F,22.0,0.9,1.0671802009284475
459453,F,10.0,0.3,-1.4283438060461537
779370,F,22.0,0.9,1.0671802009284475
304727,F,16.0,0.6,-0.18058180255885314
303119,F,14.0,0.5,-0.5965024703879533
221218,F,8.0,0.2,-1.844264473875254
529549,F,20.0,0.8,0.6512595330993474
123925,F,16.0,0.6,-0.18058180255885314
212318,F,16.0,0.6,-0.18058180255885314
677968,F,22.0,0.9,1.0671802009284475
585256,F,10.0,0.3,-1.4283438060461537
250427,F,15.0,0.55,-0.38854213647340324
165436,M,17.0,0.65,0.027378531355696976
495255,M,15.0,0.55,-0.38854213647340324
192843,M,21.0,0.85,0.8592198670138974
116423,M,14.0,0.5,-0.5965024703879533
123824,M,8.0,0.2,-1.844264473875254
165638,M,21.0,0.85,0.8592198670138974
912447,M,12.0,0.4,-1.0124231382170537
212823,M,19.0,0.75,0.4432991991847972
618952,M,20.0,0.8,0.6512595330993474
886674,M,23.0,0.95,1.2751405348429976
100610,M,23.0,0.95,1.2751405348429976
519647,M,20.0,0.8,0.6512595330993474
698168,M,12.0,0.4,-1.0124231382170537
153934,M,20.0,0.8,0.6512595330993474
213017,M,19.0,0.75,0.4432991991847972
205826,M,17.0,0.65,0.027378531355696976
169949,M,15.0,0.55,-0.38854213647340324
227432,M,20.0,0.8,0.6512595330993474
588565,M,7.0,0.15,-2.052224807789804
158540,M,17.0,0.65,0.027378531355696976
162935,M,17.0,0.65,0.027378531355696976
160123,M,14.0,0.5,-0.5965024703879533
113316,M,20.0,0.8,0.6512595330993474
147030,M,22.0,0.9,1.0671802009284475
121618,M,11.0,0.35,-1.2203834721316038
318637,M,20.0,0.8,0.6512595330993474
133928,M,20.0,0.8,0.6512595330993474
668361,M,7.0,0.15,-2.052224807789804
286650,M,20.0,0.8,0.6512595330993474
990366,M,10.0,0.3,-1.4283438060461537
131823,M,21.0,0.85,0.8592198670138974
720337,M,24.0,1.0,1.4831008687575478
148436,M,22.0,0.9,1.0671802009284475
567052,M,15.0,0.55,-0.38854213647340324
108222,M,22.0,0.9,1.0671802009284475
352132,M,18.0,0.7,0.23533886527024708
194443,M,22.0,0.9,1.0671802009284475
622236,M,12.0,0.4,-1.0124231382170537
158136,M,12.0,0.4,-1.0124231382170537
917255,M,19.0,0.75,0.4432991991847972
449753,M,20.0,0.8,0.6512595330993474
894774,M,19.0,0.75,0.4432991991847972
177342,M,9.0,0.25,-1.636304139960704
693764,M,18.0,0.7,0.23533886527024708
191235,M,19.0,0.75,0.4432991991847972
196346,M,21.0,0.85,0.8592198670138974
151526,M,18.0,0.7,0.23533886527024708
129028,M,24.0,1.0,1.4831008687575478
378756,M,23.0,0.95,1.2751405348429976
199453,M,21.0,0.85,0.8592198670138974
552241,M,15.0,0.55,-0.38854213647340324
559457,M,22.0,0.9,1.0671802009284475
109123,M,22.0,0.9,1.0671802009284475
346137,M,21.0,0.85,0.8592198670138974
857263,M,8.0,0.2,-1.844264473875254
151324,M,19.0,0.75,0.4432991991847972
406432,M,15.0,0.55,-0.38854213647340324
178748,M,8.0,0.2,-1.844264473875254
283543,M,20.0,0.8,0.6512595330993474
156435,M,24.0,1.0,1.4831008687575478
149741,M,10.0,0.3,-1.4283438060461537
994273,M,20.0,0.8,0.6512595330993474
336841,M,19.0,0.75,0.4432991991847972
558657,M,20.0,0.8,0.6512595330993474
116726,M,19.0,0.75,0.4432991991847972
800941,M,17.0,0.65,0.027378531355696976
108020,M,21.0,0.85,0.8592198670138974
177241,M,9.0,0.25,-1.636304139960704
193441,M,8.0,0.2,-1.844264473875254
927359,M,20.0,0.8,0.6512595330993474
137229,M,24.0,1.0,1.4831008687575478
206222,M,21.0,0.85,0.8592198670138974
185846,M,14.0,0.5,-0.5965024703879533
114924,M,4.0,0.0,-2.6761058095334547
135730,M,21.0,0.85,0.8592198670138974
783462,M,21.0,0.85,0.8592198670138974
453441,M,16.0,0.6,-0.18058180255885314
163129,M,14.0,0.5,-0.5965024703879533
149539,M,23.0,0.95,1.2751405348429976
210011,M,17.0,0.65,0.027378531355696976
145632,M,20.0,0.8,0.6512595330993474
894067,M,11.0,0.35,-1.2203834721316038
194746,M,16.0,0.6,-0.18058180255885314
138332,M,22.0,0.9,1.0671802009284475
118831,M,17.0,0.65,0.027378531355696976
198855,M,16.0,0.6,-0.18058180255885314
158843,M,21.0,0.85,0.8592198670138974
141119,M,17.0,0.65,0.027378531355696976
219231,M,21.0,0.85,0.8592198670138974
424939,M,18.0,0.7,0.23533886527024708
926862,M,19.0,0.75,0.4432991991847972
188549,M,20.0,0.8,0.6512595330993474
121921,M,21.0,0.85,0.8592198670138974
392447,M,19.0,0.75,0.4432991991847972
891667,M,20.0,0.8,0.6512595330993474
759869,M,13.0,0.45,-0.8044628043025035
137532,M,15.0,0.55,-0.38854213647340324
792766,M,16.0,0.6,-0.18058180255885314
207123,M,19.0,0.75,0.4432991991847972
125222,M,23.0,0.95,1.2751405348429976
352738,M,18.0,0.7,0.23533886527024708
448347,M,21.0,0.85,0.8592198670138974
159138,M,21.0,0.85,0.8592198670138974
131924,M,23.0,0.95,1.2751405348429976
257845,M,20.0,0.8,0.6512595330993474
870861,M,12.0,0.4,-1.0124231382170537
136227,M,20.0,0.8,0.6512595330993474
138837,M,16.0,0.6,-0.18058180255885314
756055,M,11.0,0.35,-1.2203834721316038
687163,M,20.0,0.8,0.6512595330993474
172433,M,20.0,0.8,0.6512595330993474
635245,M,22.0,0.9,1.0671802009284475
154936,M,13.0,0.45,-0.8044628043025035
182840,M,12.0,0.4,-1.0124231382170537
314225,M,8.0,0.2,-1.844264473875254
896879,M,20.0,0.8,0.6512595330993474
149337,M,18.0,0.7,0.23533886527024708
101107,M,14.0,0.5,-0.5965024703879533
647858,M,20.0,0.8,0.6512595330993474
958976,M,14.0,0.5,-0.5965024703879533
159946,M,23.0,0.95,1.2751405348429976
529953,M,21.0,0.85,0.8592198670138974
161832,M,14.0,0.5,-0.5965024703879533
169040,M,19.0,0.75,0.4432991991847972
601127,M,23.0,0.95,1.2751405348429976
195849,M,18.0,0.7,0.23533886527024708
983773,M,24.0,1.0,1.4831008687575478
112920,M,17.0,0.65,0.027378531355696976
623844,M,19.0,0.75,0.4432991991847972
148941,M,18.0,0.7,0.23533886527024708
206727,M,8.0,0.2,-1.844264473875254
133827,M,13.0,0.45,-0.8044628043025035
210112,M,24.0,1.0,1.4831008687575478
127226,M,21.0,0.85,0.8592198670138974
573249,M,19.0,0.75,0.4432991991847972
901038,M,15.0,0.55,-0.38854213647340324
211720,M,14.0,0.5,-0.5965024703879533
175540,M,22.0,0.9,1.0671802009284475
114621,M,15.0,0.55,-0.38854213647340324
115825,M,9.0,0.25,-1.636304139960704
127327,M,23.0,0.95,1.2751405348429976
175035,M,8.0,0.2,-1.844264473875254
128935,M,14.0,0.5,-0.5965024703879533
965367,M,15.0,0.55,-0.38854213647340324
146533,M,21.0,0.85,0.8592198670138974
205119,M,21.0,0.85,0.8592198670138974
102614,M,18.0,0.7,0.23533886527024708
168139,M,18.0,0.7,0.23533886527024708
156536,M,21.0,0.85,0.8592198670138974
137027,M,9.0,0.25,-1.636304139960704
561444,M,21.0,0.85,0.8592198670138974
627852,M,21.0,0.85,0.8592198670138974
664757,M,13.0,0.45,-0.8044628043025035
169545,M,18.0,0.7,0.23533886527024708
818859,M,10.0,0.3,-1.4283438060461537
206828,M,23.0,0.95,1.2751405348429976
173334,M,23.0,0.95,1.2751405348429976
833148,M,16.0,0.6,-0.18058180255885314
973770,M,13.0,0.45,-0.8044628043025035
154734,M,20.0,0.8,0.6512595330993474
150726,M,21.0,0.85,0.8592198670138974
199958,M,11.0,0.35,-1.2203834721316038
285446,M,23.0,0.95,1.2751405348429976
178849,M,21.0,0.85,0.8592198670138974
174841,M,18.0,0.7,0.23533886527024708
317332,M,19.0,0.75,0.4432991991847972
548250,M,19.0,0.75,0.4432991991847972
116524,M,13.0,0.45,-0.8044628043025035
270332,M,23.0,0.95,1.2751405348429976
518746,M,17.0,0.65,0.027378531355696976
213522,M,21.0,0.85,0.8592198670138974
135629,M,13.0,0.45,-0.8044628043025035
139839,M,23.0,0.95,1.2751405348429976
199655,M,12.0,0.4,-1.0124231382170537
628248,M,19.0,0.75,0.4432991991847972
604537,M,22.0,0.9,1.0671802009284475
793465,M,17.0,0.65,0.027378531355696976
867468,M,9.0,0.25,-1.636304139960704
214423,M,22.0,0.9,1.0671802009284475
126628,M,21.0,0.85,0.8592198670138974
685058,M,21.0,0.85,0.8592198670138974
692964,M,10.0,0.3,-1.4283438060461537
728454,M,10.0,0.3,-1.4283438060461537
662551,M,19.0,0.75,0.4432991991847972
150625,M,20.0,0.8,0.6512595330993474
164131,M,23.0,0.95,1.2751405348429976
735148,M,11.0,0.35,-1.2203834721316038
837560,M,12.0,0.4,-1.0124231382170537
130417,M,20.0,0.8,0.6512595330993474
154532,M,13.0,0.45,-0.8044628043025035
198350,M,23.0,0.95,1.2751405348429976
192136,M,15.0,0.55,-0.38854213647340324
908860,M,22.0,0.9,1.0671802009284475
166640,M,17.0,0.65,0.027378531355696976
223929,M,21.0,0.85,0.8592198670138974
942658,M,22.0,0.9,1.0671802009284475
397861,M,17.0,0.65,0.027378531355696976
550439,M,10.0,0.3,-1.4283438060461537
667056,M,20.0,0.8,0.6512595330993474
810843,M,9.0,0.25,-1.636304139960704
766563,M,16.0,0.6,-0.18058180255885314
571548,M,4.0,0.0,-2.6761058095334547
217126,M,6.0,0.1,-2.2601851417043544
557857,M,19.0,0.75,0.4432991991847972
922854,M,10.0,0.3,-1.4283438060461537
656253,M,21.0,0.85,0.8592198670138974
116221,M,21.0,0.85,0.8592198670138974
734045,M,9.0,0.25,-1.636304139960704
101410,M,19.0,0.75,0.4432991991847972
134728,M,23.0,0.95,1.2751405348429976
461743,M,9.0,0.25,-1.636304139960704
594156,M,7.0,0.15,-2.052224807789804
155938,M,21.0,0.85,0.8592198670138974
211619,M,24.0,1.0,1.4831008687575478
765056,M,24.0,1.0,1.4831008687575478
299154,M,22.0,0.9,1.0671802009284475
122317,M,18.0,0.7,0.23533886527024708
573451,M,24.0,1.0,1.4831008687575478
467351,M,18.0,0.7,0.23533886527024708
151021,M,20.0,0.8,0.6512595330993474
561949,M,20.0,0.8,0.6512595330993474
597869,M,22.0,0.9,1.0671802009284475
198653,M,14.0,0.5,-0.5965024703879533
201717,M,20.0,0.8,0.6512595330993474
421226,M,24.0,1.0,1.4831008687575478
707749,M,8.0,0.2,-1.844264473875254
812746,M,11.0,0.35,-1.2203834721316038
134324,M,20.0,0.8,0.6512595330993474
380036,M,21.0,0.85,0.8592198670138974
599065,M,18.0,0.7,0.23533886527024708
530635,M,20.0,0.8,0.6512595330993474
150928,M,21.0,0.85,0.8592198670138974
599671,M,15.0,0.55,-0.38854213647340324
545345,M,20.0,0.8,0.6512595330993474
193845,M,19.0,0.75,0.4432991991847972
414229,M,20.0,0.8,0.6512595330993474
865363,M,20.0,0.8,0.6512595330993474
211417,M,13.0,0.45,-0.8044628043025035
871762,M,18.0,0.7,0.23533886527024708
162228,M,20.0,0.8,0.6512595330993474
700634,M,18.0,0.7,0.23533886527024708
173132,M,17.0,0.65,0.027378531355696976
541640,M,23.0,0.95,1.2751405348429976
932554,M,19.0,0.75,0.4432991991847972
523032,M,20.0,0.8,0.6512595330993474
818455,M,24.0,1.0,1.4831008687575478
300719,M,18.0,0.7,0.23533886527024708
153429,M,22.0,0.9,1.0671802009284475
214726,M,21.0,0.85,0.8592198670138974
173738,M,15.0,0.55,-0.38854213647340324
888678,M,23.0,0.95,1.2751405348429976
810439,M,24.0,1.0,1.4831008687575478
644044,M,10.0,0.3,-1.4283438060461537
825553,M,22.0,0.9,1.0671802009284475
616645,M,23.0,0.95,1.2751405348429976
176239,M,18.0,0.7,0.23533886527024708
121416,M,20.0,0.8,0.6512595330993474
121315,M,6.0,0.1,-2.2601851417043544
208630,M,7.0,0.15,-2.052224807789804
992774,M,14.0,0.5,-0.5965024703879533
843151,M,21.0,0.85,0.8592198670138974
109325,M,19.0,0.75,0.4432991991847972
686969,M,19.0,0.75,0.4432991991847972
191942,M,22.0,0.9,1.0671802009284475
134627,M,18.0,0.7,0.23533886527024708
555954,M,11.0,0.35,-1.2203834721316038
102109,M,21.0,0.85,0.8592198670138974
146129,M,19.0,0.75,0.4432991991847972
196851,M,22.0,0.9,1.0671802009284475
329844,M,18.0,0.7,0.23533886527024708
803240,M,13.0,0.45,-0.8044628043025035
108828,M,20.0,0.8,0.6512595330993474
392750,M,21.0,0.85,0.8592198670138974
206929,M,22.0,0.9,1.0671802009284475
789373,M,20.0,0.8,0.6512595330993474
113922,M,15.0,0.55,-0.38854213647340324
397760,M,22.0,0.9,1.0671802009284475
183741,M,20.0,0.8,0.6512595330993474
118225,M,23.0,0.95,1.2751405348429976
832651,M,20.0,0.8,0.6512595330993474
329440,M,21.0,0.85,0.8592198670138974
151930,M,22.0,0.9,1.0671802009284475
102715,M,22.0,0.9,1.0671802009284475
385450,M,22.0,0.9,1.0671802009284475
200311,M,16.0,0.6,-0.18058180255885314
387959,M,8.0,0.2,-1.844264473875254
100206,M,20.0,0.8,0.6512595330993474
103212,M,15.0,0.55,-0.38854213647340324
581450,M,19.0,0.75,0.4432991991847972
208327,M,20.0,0.8,0.6512595330993474
353740,M,20.0,0.8,0.6512595330993474
723141,M,22.0,0.9,1.0671802009284475
571144,M,16.0,0.6,-0.18058180255885314
105216,M,22.0,0.9,1.0671802009284475
152225,M,23.0,0.95,1.2751405348429976
991267,M,23.0,0.95,1.2751405348429976
987074,M,23.0,0.95,1.2751405348429976
248339,M,20.0,0.8,0.6512595330993474
773257,M,17.0,0.65,0.027378531355696976
118932,M,19.0,0.75,0.4432991991847972
690152,M,23.0,0.95,1.2751405348429976
200513,M,16.0,0.6,-0.18058180255885314
497865,M,20.0,0.8,0.6512595330993474
142424,M,6.0,0.1,-2.2601851417043544
136126,M,19.0,0.75,0.4432991991847972
611938,M,23.0,0.95,1.2751405348429976
159340,M,19.0,0.75,0.4432991991847972
792867,M,14.0,0.5,-0.5965024703879533
763557,M,22.0,0.9,1.0671802009284475
140824,M,14.0,0.5,-0.5965024703879533
300618,M,17.0,0.65,0.027378531355696976
204218,M,18.0,0.7,0.23533886527024708
937160,M,17.0,0.65,0.027378531355696976
172130,M,20.0,0.8,0.6512595330993474
590047,M,19.0,0.75,0.4432991991847972
753251,M,20.0,0.8,0.6512595330993474
129634,M,20.0,0.8,0.6512595330993474
172029,M,21.0,0.85,0.8592198670138974
212015,M,22.0,0.9,1.0671802009284475
275645,M,19.0,0.75,0.4432991991847972
142828,M,17.0,0.65,0.027378531355696976
206525,M,23.0,0.95,1.2751405348429976
361941,M,21.0,0.85,0.8592198670138974
214524,M,20.0,0.8,0.6512595330993474
615441,M,10.0,0.3,-1.4283438060461537
188751,M,12.0,0.4,-1.0124231382170537
578158,M,21.0,0.85,0.8592198670138974
589567,M,20.0,0.8,0.6512595330993474
325129,M,22.0,0.9,1.0671802009284475
168240,M,12.0,0.4,-1.0124231382170537
479762,M,21.0,0.85,0.8592198670138974
386250,M,24.0,1.0,1.4831008687575478
110411,M,16.0,0.6,-0.18058180255885314
281135,M,21.0,0.85,0.8592198670138974
123117,M,8.0,0.2,-1.844264473875254
152831,M,14.0,0.5,-0.5965024703879533
366446,M,17.0,0.65,0.027378531355696976
164030,M,23.0,0.95,1.2751405348429976
910241,M,21.0,0.85,0.8592198670138974
878877,M,19.0,0.75,0.4432991991847972
202719,M,12.0,0.4,-1.0124231382170537
675661,M,15.0,0.55,-0.38854213647340324
207426,M,11.0,0.35,-1.2203834721316038
159744,M,7.0,0.15,-2.052224807789804
138534,M,10.0,0.3,-1.4283438060461537
130720,M,20.0,0.8,0.6512595330993474
158338,M,21.0,0.85,0.8592198670138974
598568,M,14.0,0.5,-0.5965024703879533
520228,M,15.0,0.55,-0.38854213647340324
308129,M,22.0,0.9,1.0671802009284475
769064,M,21.0,0.85,0.8592198670138974
102513,M,18.0,0.7,0.23533886527024708
171633,M,18.0,0.7,0.23533886527024708
194645,M,17.0,0.65,0.027378531355696976
251833,M,17.0,0.65,0.027378531355696976
186141,M,6.0,0.1,-2.2601851417043544
146836,M,18.0,0.7,0.23533886527024708
385046,M,16.0,0.6,-0.18058180255885314
814649,M,19.0,0.75,0.4432991991847972
516742,M,21.0,0.85,0.8592198670138974
298455,M,9.0,0.25,-1.636304139960704
164636,M,17.0,0.65,0.027378531355696976
137936,M,6.0,0.1,-2.2601851417043544
165840,M,20.0,0.8,0.6512595330993474
189450,M,6.0,0.1,-2.2601851417043544
898176,M,14.0,0.5,-0.5965024703879533
679770,M,9.0,0.25,-1.636304139960704
878776,M,20.0,0.8,0.6512595330993474
106824,M,22.0,0.9,1.0671802009284475
268749,M,20.0,0.8,0.6512595330993474
729254,M,12.0,0.4,-1.0124231382170537
969476,M,19.0,0.75,0.4432991991847972
955465,M,8.0,0.2,-1.844264473875254
101309,M,15.0,0.55,-0.38854213647340324
183034,M,10.0,0.3,-1.4283438060461537
871964,M,23.0,0.95,1.2751405348429976
136833,M,20.0,0.8,0.6512595330993474
178243,M,10.0,0.3,-1.4283438060461537
506234,M,19.0,0.75,0.4432991991847972
163331,M,15.0,0.55,-0.38854213647340324
130114,M,22.0,0.9,1.0671802009284475
165032,M,18.0,0.7,0.23533886527024708
304020,M,18.0,0.7,0.23533886527024708
512835,M,19.0,0.75,0.4432991991847972
341834,M,23.0,0.95,1.2751405348429976
119025,M,20.0,0.8,0.6512595330993474
180937,M,23.0,0.95,1.2751405348429976
395958,M,10.0,0.3,-1.4283438060461537
592455,M,17.0,0.65,0.027378531355696976
110613,M,17.0,0.65,0.027378531355696976
580751,M,23.0,0.95,1.2751405348429976
100408,M,7.0,0.15,-2.052224807789804
486759,M,21.0,0.85,0.8592198670138974
672756,M,20.0,0.8,0.6512595330993474
524135,M,21.0,0.85,0.8592198670138974
191033,F,22.0,0.9,1.0671802009284475
929464,F,8.0,0.2,-1.844264473875254
175136,F,7.0,0.15,-2.052224807789804
173435,F,19.0,0.75,0.4432991991847972
885975,F,20.0,0.8,0.6512595330993474
160729,F,13.0,0.45,-0.8044628043025035
644246,F,21.0,0.85,0.8592198670138974
148032,F,18.0,0.7,0.23533886527024708
979984,F,14.0,0.5,-0.5965024703879533
397154,F,21.0,0.85,0.8592198670138974
180129,F,7.0,0.15,-2.052224807789804
153631,F,21.0,0.85,0.8592198670138974
481951,F,15.0,0.55,-0.38854213647340324
143224,F,22.0,0.9,1.0671802009284475
280739,F,7.0,0.15,-2.052224807789804
186848,F,8.0,0.2,-1.844264473875254
214221,F,9.0,0.25,-1.636304139960704
393247,F,8.0,0.2,-1.844264473875254
139435,F,19.0,0.75,0.4432991991847972
160830,F,18.0,0.7,0.23533886527024708
185139,F,22.0,0.9,1.0671802009284475
159239,F,15.0,0.55,-0.38854213647340324
124826,F,10.0,0.3,-1.4283438060461537
469961,F,22.0,0.9,1.0671802009284475
617748,F,15.0,0.55,-0.38854213647340324
519950,F,22.0,0.9,1.0671802009284475
157336,F,22.0,0.9,1.0671802009284475
171431,F,20.0,0.8,0.6512595330993474
209329,F,22.0,0.9,1.0671802009284475
120111,F,14.0,0.5,-0.5965024703879533
129129,F,16.0,0.6,-0.18058180255885314
152427,F,21.0,0.85,0.8592198670138974
151425,F,19.0,0.75,0.4432991991847972
849264,F,9.0,0.25,-1.636304139960704
111716,F,22.0,0.9,1.0671802009284475
195041,F,16.0,0.6,-0.18058180255885314
162026,F,15.0,0.55,-0.38854213647340324
436239,F,15.0,0.55,-0.38854213647340324
227533,F,18.0,0.7,0.23533886527024708
111312,F,17.0,0.65,0.027378531355696976
480141,F,18.0,0.7,0.23533886527024708
626648,F,22.0,0.9,1.0671802009284475
204420,F,9.0,0.25,-1.636304139960704
105620,F,22.0,0.9,1.0671802009284475
192439,F,9.0,0.25,-1.636304139960704
389357,F,11.0,0.35,-1.2203834721316038
169444,F,19.0,0.75,0.4432991991847972
156031,F,10.0,0.3,-1.4283438060461537
106016,F,22.0,0.9,1.0671802009284475
182739,F,22.0,0.9,1.0671802009284475
119732,F,22.0,0.9,1.0671802009284475
106521,F,23.0,0.95,1.2751405348429976
957974,F,16.0,0.6,-0.18058180255885314
826454,F,21.0,0.85,0.8592198670138974
665254,F,20.0,0.8,0.6512595330993474
175338,F,21.0,0.85,0.8592198670138974
562345,F,15.0,0.55,-0.38854213647340324
356948,F,22.0,0.9,1.0671802009284475
110007,F,18.0,0.7,0.23533886527024708
541943,F,20.0,0.8,0.6512595330993474
151627,F,11.0,0.35,-1.2203834721316038
121719,F,7.0,0.15,-2.052224807789804
200614,F,15.0,0.55,-0.38854213647340324
173940,F,20.0,0.8,0.6512595330993474
585862,F,11.0,0.35,-1.2203834721316038
120212,F,22.0,0.9,1.0671802009284475
146634,F,7.0,0.15,-2.052224807789804
358144,F,10.0,0.3,-1.4283438060461537
208024,F,21.0,0.85,0.8592198670138974
923755,F,19.0,0.75,0.4432991991847972
869472,F,20.0,0.8,0.6512595330993474
221319,F,15.0,0.55,-0.38854213647340324
199150,F,17.0,0.65,0.027378531355696976
167743,F,17.0,0.65,0.027378531355696976
107220,F,19.0,0.75,0.4432991991847972
188448,F,20.0,0.8,0.6512595330993474
175742,F,24.0,1.0,1.4831008687575478
143426,F,21.0,0.85,0.8592198670138974
751550,F,14.0,0.5,-0.5965024703879533
731140,F,8.0,0.2,-1.844264473875254
841349,F,21.0,0.85,0.8592198670138974
930449,F,15.0,0.55,-0.38854213647340324
970764,F,16.0,0.6,-0.18058180255885314
135225,F,16.0,0.6,-0.18058180255885314
257946,F,17.0,0.65,0.027378531355696976
141422,F,21.0,0.85,0.8592198670138974
566454,F,20.0,0.8,0.6512595330993474
112314,F,18.0,0.7,0.23533886527024708
141826,F,10.0,0.3,-1.4283438060461537
339847,F,16.0,0.6,-0.18058180255885314
933253,F,21.0,0.85,0.8592198670138974
100307,F,17.0,0.65,0.027378531355696976
114116,F,20.0,0.8,0.6512595330993474
382242,F,9.0,0.25,-1.636304139960704
217429,F,18.0,0.7,0.23533886527024708
208428,F,5.0,0.05,-2.4681454756189045
168947,F,12.0,0.4,-1.0124231382170537
660951,F,13.0,0.45,-0.8044628043025035
176542,F,12.0,0.4,-1.0124231382170537
952863,F,19.0,0.75,0.4432991991847972
182032,F,10.0,0.3,-1.4283438060461537
872764,F,17.0,0.65,0.027378531355696976
510326,F,10.0,0.3,-1.4283438060461537
761957,F,21.0,0.85,0.8592198670138974
151829,F,10.0,0.3,-1.4283438060461537
663755,F,22.0,0.9,1.0671802009284475
154229,F,22.0,0.9,1.0671802009284475
118124,F,16.0,0.6,-0.18058180255885314
108121,F,16.0,0.6,-0.18058180255885314
381543,F,13.0,0.45,-0.8044628043025035
298051,F,19.0,0.75,0.4432991991847972
366042,F,14.0,0.5,-0.5965024703879533
118528,F,8.0,0.2,-1.844264473875254
127630,F,21.0,0.85,0.8592198670138974
859671,F,19.0,0.75,0.4432991991847972
815247,M,23.0,0.95,1.2751405348429976
212116,M,16.0,0.6,-0.18058180255885314
889579,M,10.0,0.3,-1.4283438060461537
342129,M,21.0,0.85,0.8592198670138974
962058,M,10.0,0.3,-1.4283438060461537
114419,M,13.0,0.45,-0.8044628043025035
705341,M,24.0,1.0,1.4831008687575478
108525,M,18.0,0.7,0.23533886527024708
203418,M,12.0,0.4,-1.0124231382170537
146432,M,9.0,0.25,-1.636304139960704
774663,M,23.0,0.95,1.2751405348429976
677766,M,16.0,0.6,-0.18058180255885314
368551,M,17.0,0.65,0.027378531355696976
115219,M,18.0,0.7,0.23533886527024708
136631,M,15.0,0.55,-0.38854213647340324
445543,M,7.0,0.15,-2.052224807789804
189652,M,20.0,0.8,0.6512595330993474
176441,M,20.0,0.8,0.6512595330993474
856968,M,23.0,0.95,1.2751405348429976
751348,M,21.0,0.85,0.8592198670138974
349244,M,19.0,0.75,0.4432991991847972
211215,M,21.0,0.85,0.8592198670138974
103010,M,19.0,0.75,0.4432991991847972
201515,M,20.0,0.8,0.6512595330993474
233326,M,17.0,0.65,0.027378531355696976
753150,M,20.0,0.8,0.6512595330993474
185442,M,23.0,0.95,1.2751405348429976
124220,M,18.0,0.7,0.23533886527024708
178950,M,20.0,0.8,0.6512595330993474
965771,M,10.0,0.3,-1.4283438060461537
971160,M,17.0,0.65,0.027378531355696976
695768,M,20.0,0.8,0.6512595330993474
704238,M,11.0,0.35,-1.2203834721316038
200210,M,17.0,0.65,0.027378531355696976
171330,M,19.0,0.75,0.4432991991847972
308331,M,14.0,0.5,-0.5965024703879533
311320,M,8.0,0.2,-1.844264473875254
540436,M,22.0,0.9,1.0671802009284475
209935,M,9.0,0.25,-1.636304139960704
583858,M,16.0,0.6,-0.18058180255885314
144933,M,23.0,0.95,1.2751405348429976
111514,M,17.0,0.65,0.027378531355696976
724446,M,21.0,0.85,0.8592198670138974
348545,M,18.0,0.7,0.23533886527024708
531536,M,20.0,0.8,0.6512595330993474
211821,M,21.0,0.85,0.8592198670138974
127933,M,19.0,0.75,0.4432991991847972
749058,M,24.0,1.0,1.4831008687575478
145127,M,19.0,0.75,0.4432991991847972
742549,M,22.0,0.9,1.0671802009284475
176744,M,18.0,0.7,0.23533886527024708
656657,M,21.0,0.85,0.8592198670138974
198451,M,18.0,0.7,0.23533886527024708
185038,M,21.0,0.85,0.8592198670138974
238033,M,10.0,0.3,-1.4283438060461537
330324,M,19.0,0.75,0.4432991991847972
130013,M,20.0,0.8,0.6512595330993474
105115,M,22.0,0.9,1.0671802009284475
186040,M,22.0,0.9,1.0671802009284475
454140,M,7.0,0.15,-2.052224807789804
201111,M,12.0,0.4,-1.0124231382170537
299760,M,24.0,1.0,1.4831008687575478
168341,M,18.0,0.7,0.23533886527024708
989987,M,20.0,0.8,0.6512595330993474
198249,M,12.0,0.4,-1.0124231382170537
725751,M,16.0,0.6,-0.18058180255885314
154330,M,19.0,0.75,0.4432991991847972
166438,M,21.0,0.85,0.8592198670138974
112112,M,21.0,0.85,0.8592198670138974
880157,M,16.0,0.6,-0.18058180255885314
195950,M,8.0,0.2,-1.844264473875254
517239,M,20.0,0.8,0.6512595330993474
172635,M,10.0,0.3,-1.4283438060461537
107422,M,24.0,1.0,1.4831008687575478
118730,M,10.0,0.3,-1.4283438060461537
849971,M,23.0,0.95,1.2751405348429976
220721,M,10.0,0.3,-1.4283438060461537
689470,M,16.0,0.6,-0.18058180255885314
433839,M,13.0,0.45,-0.8044628043025035
191336,M,12.0,0.4,-1.0124231382170537
820745,M,14.0,0.5,-0.5965024703879533
102008,M,20.0,0.8,0.6512595330993474
943862,M,13.0,0.45,-0.8044628043025035
966975,M,14.0,0.5,-0.5965024703879533
581349,M,12.0,0.4,-1.0124231382170537
156637,M,12.0,0.4,-1.0124231382170537
122620,M,16.0,0.6,-0.18058180255885314
144428,M,19.0,0.75,0.4432991991847972
187850,M,20.0,0.8,0.6512595330993474
151728,M,22.0,0.9,1.0671802009284475
103111,M,21.0,0.85,0.8592198670138974
106319,M,24.0,1.0,1.4831008687575478
169141,M,9.0,0.25,-1.636304139960704
671855,M,19.0,0.75,0.4432991991847972
393550,M,23.0,0.95,1.2751405348429976
123521,M,15.0,0.55,-0.38854213647340324
133625,M,22.0,0.9,1.0671802009284475
187143,M,22.0,0.9,1.0671802009284475
